词语,词频
隔音,46
静音,41
加装,32
治理,30
降噪,25
小区,21
区域,18
夜间,18
禁止,18
管控,16
施工,16
企业,15
校园,15
执法,14
音量,14
管理,12
外放,12
避开,11
减震,11
管道,11
设备,11
周边,11
门窗,11
医院,11
投诉,10
宣传,10
文明,10
装修,10
规范,10
窗户,10
墙面,10
绿植,10
分贝,10
居民,8
监管,8
安静,8
隔断,8
共振,8
绿化,8
缓冲,8
扰民,7
监测,7
卧室,7
吊顶,7
床头,7
电梯,7
广告,7
学生,7
教室,7
限定,7
培训,7
宁静,7
处罚,6
防治,6
机制,6
交通,6
出台,6
农村,6
密封条,6
午休,6
吸音,6
广场,6
车流,6
调低,6
回声,6
车辆,6
轰鸣,6
建筑,6
工艺,6
高噪,6
时段,6
大声,6
改装,6
摩托,6
屏障,6
居民区,6
隔声,6
学校,6
纳入,5
重点,5
划定,5
监督,5
明确,5
规定,5
深夜,5
改造,5
异响,5
隔音棉,5
楼道,5
降低,5
碰撞,5
阳台,5
全部,5
轻声,5
制定,5
杜绝,5
校内,5
电动车,5
严控,5
喧哗,5
设计,5
音响,5
社区,5
作业,5
噪声污染,5
评估,5
环保,4
基层,4
推动,4
法律,4
标准,4
工业,4
巡查,4
习惯,4
效果,4
办理,4
管管,4
隔音墙,4
规划,4
门缝,4
传音,4
室内,4
轻放,4
密封,4
隔绝,4
阻尼,4
楼栋,4
水泵房,4
反馈,4
减速带,4
覆盖,4
新房,4
选用,4
沿街,4
油烟机,4
运行,4
流动,4
教学楼,4
宿舍,4
广播,4
播放,4
食堂,4
密植,4
教学区,4
缓冲带,4
竞速,4
图书馆,4
自习室,4
交谈,4
空间,4
建设,4
新建,4
研发,4
生态环境,4
实时,4
能力,4
落地,3
减噪,3
应用,3
污染,3
考核,3
法律法规,3
政府部门,3
城市布局,3
分区,3
公众,3
参与,3
构建,3
防控,3
体系,3
炸街,3
白天,3
空调,3
影响,3
方案,3
惩罚,3
宠物,3
额额,3
休息,3
玻璃,3
摆放,3
老旧,3
更换,3
隔音板,3
风机,3
洗衣机,3
工地,3
户外,3
关闭,3
养成,3
作息,3
加固,3
填充,3
脚步,3
外界,3
厨房,3
旧衣服,3
鸣笛,3
软胶,3
地面,3
家具,3
空鼓,3
下水,3
气流,3
墙体,3
一侧,3
内部,3
强制,3
分户,3
门店,3
喇叭,3
循环,3
餐饮店,3
底座,3
优先,3
校外,3
合理布局,3
打闹,3
全域,3
隔离,3
餐具,3
就餐,3
机构,3
班级,3
互相,3
串音,3
商铺,3
维修,3
系统,3
点位,3
限制,3
货车,3
通行,3
路线,3
道路,3
轨道交通,3
地铁,3
快速,3
超标,3
排放,3
给予,3
密集,3
区内,3
员工,3
先进,3
动态,3
评价,3
居住区,3
合理安排,3
结果,3
生态,2
不力,2
居高不下,2
通报,2
问责,2
街道,2
自治,2
组织,2
公约,2
调整,2
敏感,2
制度,2
房子,2
职能部门,2
单位,2
人员,2
这个,2
市民,2
加速,2
落实,2
协同,2
违规,2
设施,2
常态,2
引导,2
共治,2
宁海县,2
多多,2
合理,2
位置,2
责任,2
严重,2
中央,2
举办,2
隔音材料,2
孩子,2
物业,2
整改,2
高架桥,2
住宅区,2
漏音,2
四周,2
双层,2
玄关,2
滑轮,2
床位,2
平稳,2
下水管,2
配备,2
耳机,2
清洗,2
掩盖,2
吠叫,2
物品,2
书房,2
吸音板,2
震动,2
缝隙,2
路由器,2
电流,2
卫生间,2
吊件,2
闲置,2
靠墙,2
毛巾,2
临时,2
低音炮,2
低频,2
放大,2
消除,2
教育,2
玩具,2
换成,2
布艺款,2
雨水,2
落水管,2
外侧,2
雨天,2
墙内,2
暗管,2
处用,2
砂浆,2
填实,2
存水,2
之间,2
防止,2
楼梯,2
扩散,2
结构,2
验收,2
飘窗,2
空腔,2
共鸣,2
加厚,2
走廊,2
嘈杂,2
安装,2
临街,2
锁点,2
胶垫,2
关窗,2
撞击,2
巨响,2
晃动,2
公司,2
标配,2
户型,2
布局,2
马路,2
低噪,2
基础,2
商场,2
超市,2
背景音乐,2
维保,2
摊贩,2
聚集,2
教会,2
说话,2
走路,2
课间,2
铃声,2
改用,2
音乐,2
操场,2
运动场,2
禁止喧哗,2
体育课,2
集体,2
办公楼,2
主动,2
院内,2
加密,2
钻孔,2
公共,2
打造,2
交流,2
水电,2
外墙,2
工厂,2
结束,2
机场,2
配送,2
非机动车,2
行驶,2
城市道路,2
达标,2
宣传车,2
沿线,2
限时,2
理念,2
工业区,2
住宅,2
机房,2
信用,2
评级,2
专用,2
门口,2
定期检查,2
要求,2
许可,2
定期维护,2
补种,2
高大,2
材料,2
休息区,2
引进,2
提醒,2
工序,2
噪声源,2
清单,2
功能区,2
更新,2
公园,2
减振,2
阶段,2
朝向,2
健身,2
主干道,2
县级,2
以上,2
自动,2
监测站,2
实现,2
每秒,2
采集,2
联网,2
数据,2
铁路,2
跟踪,2
填补,2
量化,2
投入,2
成效,2
水平,2
生产,2
经验,2
支持,2
推行,2
执法人员,2
举报,2
响应,2
司法,2
联动机制,2
行政处罚,2
刑事,2
衔接,2
乡镇,1
群众性,1
村规民约,1
矛盾,1
纠纷,1
调解机制,1
设区,1
依据,1
第七条,1
质量标准,1
适用,1
建筑物,1
集中,1
公布,1
征信,1
挂钩,1
隔音性,1
争取,1
做到,1
造福,1
广大群众,1
严惩,1
违法行为,1
完成,1
增强,1
自律意识,1
重视,1
配合,1
要紧,1
强调,1
宜居,1
更上一层楼,1
睡觉时间,1
基本,1
或者,1
进度,1
宣强,1
办事效率,1
街边,1
无可避免,1
改变,1
当前,1
城镇化,1
产业,1
发展,1
凸显,1
立足,1
实际,1
城乡,1
空间布局,1
惩戒,1
源头,1
多元,1
一下,1
摩托车,1
天天,1
很烦,1
凌晨,1
夜市,1
增派,1
人手,1
无所谓,1
还好,1
下基层,1
分段,1
巡逻,1
居住,1
依法,1
依规,1
人性化,1
系统化,1
素质,1
那些,1
工资,1
正事,1
专注,1
怎么,1
踢皮球,1
推脱,1
不够,1
用心,1
老百姓,1
事情,1
特别,1
综合执法,1
桃源,1
街道社区,1
怀疑,1
得力,1
躁音,1
不安,1
建筑设计,1
安放,1
乱放,1
投诉无门,1
官官相护,1
百姓生活,1
质量,1
健康,1
上诉,1
难点,1
到达,1
县政府,1
所在地,1
就会用,1
上有政策,1
下有对策,1
难查,1
真难查,1
实打实,1
管制,1
讲座,1
什么,1
严厉打击,1
公益活动,1
室友,1
村委会,1
调查,1
无额,1
这种,1
问卷,1
太好了,1
加油,1
环境规划,1
监督管理,1
罚钱,1
狗叫,1
地区,1
赶紧,1
到位,1
罚款,1
提倡,1
多放,1
家长,1
科普,1
工期,1
入户门,1
堵住,1
门换,1
实木,1
复合门,1
空心,1
门框,1
断桥,1
中空玻璃,1
普通,1
贴音,1
防爆膜,1
高柜,1
绿植墙,1
推拉,1
底部,1
聚酯纤维,1
客厅,1
再漆,1
楼下,1
外机,1
布置,1
滤网,1
风噪,1
垫子,1
扫地,1
机器,1
人选,1
设定,1
邻里,1
友好,1
沟通,1
马路上,1
全套,1
训练,1
定点,1
租房,1
优先选择,1
不靠,1
路边,1
收纳,1
塑料,1
做绿植,1
花架,1
多层,1
规律,1
装备,1
房间,1
额外,1
挂布艺,1
挂毯,1
下方,1
专营,1
饮水机,1
烧水,1
床脚,1
套用,1
硅胶,1
毛坯,1
墙先,1
刷漆,1
窗边,1
发泡胶,1
办公桌,1
下铺,1
地毯,1
物化,1
投影仪,1
嗡鸣,1
做成,1
沙发,1
床架,1
螺丝,1
拧紧,1
松动,1
抽屉,1
滑轨,1
纸箱,1
塞满,1
台灯,1
驱动,1
无频,1
充电,1
适配器,1
品牌,1
低噪款,1
啸叫,1
电器,1
断电,1
园区,1
电竞,1
主机,1
水冷,1
多种,1
灌木,1
乔木,1
无线,1
充电器,1
无嗡,1
型号,1
光猫,1
拖拉,1
椅子,1
轮滑,1
暴走鞋,1
滑行,1
儿童房,1
泡沫,1
地垫,1
排水管,1
固定,1
牢固,1
拍打,1
管壁,1
放置,1
仿真,1
编织,1
藤艺,1
布艺沙发,1
洗手盆,1
洗菜,1
防臭,1
软管,1
马桶,1
水阀,1
注水,1
排水管道,1
隔震,1
水槽,1
碗筷,1
封闭,1
多余,1
孔洞,1
串层,1
地漏,1
疏通,1
怪响,1
全屋,1
接口,1
胶圈,1
承重墙,1
随意,1
开槽,1
打孔,1
破坏,1
空鼓会,1
嗡嗡声,1
单薄,1
轻质,1
过道,1
局部,1
入户,1
实体,1
代替,1
镂空,1
通透,1
帘子,1
中空,1
阻隔,1
型材,1
腔体,1
灌注,1
悬浮,1
安装法,1
硬性,1
贴墙,1
传震,1
做内,1
开内,1
严实,1
窗台,1
厚重,1
石材,1
大型,1
盆栽,1
物理,1
挡音,1
全开,1
风道,1
增噪,1
尼龙,1
无异,1
摩擦,1
落地窗,1
中间,1
加竖框,1
窗外,1
防尘,1
弱化,1
高频,1
升级,1
等级,1
隔音窗,1
不留,1
短板,1
隐形,1
细微,1
台风,1
大风,1
关严,1
窗框,1
空气,1
净化器,1
档位,1
楼板,1
包裹,1
严格遵守,1
设计师,1
浮筑,1
装修工,1
切割机,1
无尘,1
工具,1
精装,1
窗帘,1
配置,1
刺耳,1
儿童,1
游乐区,1
不必要,1
景观,1
灯光,1
旧房,1
翻新,1
柔和,1
提示,1
护栏,1
风吹,1
垃圾,1
搬运,1
轻运,1
连接,1
切断,1
声桥,1
传递,1
别墅,1
自建房,1
庭院,1
围墙,1
吊钩,1
楼上,1
实验室,1
禁鸣,1
高音,1
病房,1
防滑,1
地材,1
医用,1
推车,1
防撞,1
手术室,1
保持,1
绝对,1
传入,1
排风,1
养老院,1
娱乐活动,1
场地,1
便利店,1
管理制度,1
全员,1
遵守,1
线性,1
媒体,1
跟踪报道,1
成果,1
倡导,1
共建,1
居家,1
祝眠,1
出租屋,1
聚会,1
聚餐,1
喧闹,1
搬家,1
拆装,1
工作日,1
厕所,1
用厚床,1
私人,1
睡眠,1
日常生活,1
保洁,1
病人,1
中央空调,1
新风,1
消音,1
住院,1
探视,1
聊天,1
喊话,1
打游戏,1
基建,1
教学,1
桌椅,1
胶套,1
拖动,1
走管,1
装配式,1
构件,1
拼接,1
选材,1
材质,1
反射,1
大面积,1
硬质,1
光滑,1
多用,1
软装,1
加工,1
敲打,1
追逐,1
拖拽,1
住户,1
露台,1
大功率,1
航班,1
起降,1
全封闭,1
法规,1
钻机,1
破碎机,1
禁用,1
普及,1
烟花爆竹,1
露天,1
庆典,1
燃放,1
隔离带,1
路段,1
变电站,1
颠簸,1
促销,1
全天,1
检修,1
配电房,1
业主,1
专项,1
城管,1
环保部门,1
权限,1
推诿,1
扯皮,1
优秀,1
政策优惠,1
城区,1
直升机,1
无人机,1
低空飞行,1
上空,1
飞行,1
公交路线,1
重型,1
渣土,1
铁路沿线,1
围音,1
新能源,1
公交车,1
出租车,1
燃油,1
调度,1
频次,1
公共设施,1
施工方,1
老化,1
部件,1
门禁系统,1
脚步声,1
传播,1
内置,1
提供,1
广告公司,1
播音,1
作息制度,1
美容院,1
信号灯,1
标识,1
严禁,1
劝导,1
屡教不改,1
上报,1
关窗户,1
轻关,1
专门,1
酒店,1
排风扇,1
维护,1
以内,1
汽修,1
喷漆,1
打磨,1
切割,1
车间,1
物流,1
低噪声,1
车型,1
铺设,1
传声,1
附近,1
民居,1
加快,1
条例,1
位阶,1
配套,1
细则,1
权责,1
建筑施工,1
四类,1
一次,1
阈值,1
黑名单,1
导则,1
专项资金,1
干线,1
无法,1
避让,1
中国政府,1
工业布局,1
商业,1
综合体,1
酒吧,1
保持足够,1
距离,1
严格执行,1
性能,1
方案设计,1
线型,1
坡度,1
急弯,1
陡坡,1
引发,1
绿带,1
建房,1
公路,1
养殖场,1
加工厂,1
统一规划,1
精准,1
划图,1
绘制,1
高精度,1
地图,1
不得,1
立项,1
经济,1
信息中心,1
监测点,1
公示,1
开发,1
溯源,1
自动识别,1
声源,1
定位,1
高价,1
布设,1
长期,1
断面,1
空白,1
模型,1
数字,1
孪生,1
模拟,1
污染源,1
实施,1
在线,1
监控,1
报警,1
人员培训,1
解读,1
厂区,1
异常,1
盯防,1
工业园区,1
执法检查,1
严厉,1
技术改造,1
财政补贴,1
税收,1
优惠,1
高架路,1
智慧,1
交通系统,1
拥堵,1
频繁,1
启停,1
车速,1
创建,1
树立,1
示范,1
饲养,1
出租,1
租客,1
成立,1
志愿,1
评比,1
表彰,1
高校,1
公关,1
关键技术,1
新型材料,1
兼顾,1
节能,1
隧道,1
车厢,1
密闭,1
国际,1
国外,1
鼓励,1
技术创新,1
补贴,1
奖励,1
队伍,1
公安,1
陈冠,1
联合,1
合力,1
阳光,1
公开,1
接受,1
杜洋,1
业务,1
服务,1
网格化,1
台账,1
练兵,1
实战,1
爱卿,1
那个,1
空乏,1
总结经验,1
查找,1
不足,1
持续,1
改进,1
主体,1
调研,1
指定,1
行业,1
自律,1
商家,1
自觉,1
履行,1
青少年,1
培养,1
人为,1
娱乐,1
聘请,1
特约,1
监督员,1
吹哨,1
打通,1
最后,1
一层,1
绩效考核,1
即使,1
