F1,F2,F3,F4,cluster
0.9062,0.9455,-0.0102,-0.9668,2
-0.1879,-0.3255,0.9093,1.1686,4
0.5708,0.8594,-1.1572,-0.4392,2
1.7,1.8565,-1.3102,-0.9458,2
1.7799,1.8804,-0.5644,-2.3546,2
-0.3526,-0.822,0.1714,-0.8853,3
-0.6936,-0.0308,1.5001,-0.2918,1
-1.6502,-1.8319,-0.5194,-0.3809,3
0.6393,0.5808,1.0382,0.9958,4
1.6669,1.763,0.22,-0.1877,2
1.4727,1.6376,-0.3783,0.0657,2
1.4186,1.394,1.1831,1.452,4
-0.0216,-0.673,-1.5453,-0.9553,3
1.496,0.5974,1.4872,1.8828,4
0.6064,0.8053,0.4819,0.0185,4
0.1629,-0.1447,-0.5968,0.1589,4
1.7566,1.5542,-0.2783,-0.5891,2
-0.0815,-0.1566,-0.0027,0.2526,4
-0.0815,-0.1566,-0.0027,0.2526,4
-0.0815,-0.1566,-0.0027,0.2526,4
-0.2895,0.2226,0.9156,0.5803,4
-0.0815,-0.1566,-0.0027,0.2526,4
0.1375,-0.856,1.0844,-1.6623,1
0.3067,-0.0984,-1.0298,-0.7761,2
1.5756,1.0986,0.3876,-2.0021,2
0.1284,0.0278,0.3988,-1.5886,1
1.9443,-1.1577,-0.5268,-0.9183,2
-1.6101,-1.5446,-0.128,-0.6381,3
1.0835,1.9337,-0.0124,-0.4629,2
-0.3269,-0.7941,0.2053,-1.428,3
0.1634,-0.3089,-1.9095,0.1289,0
-1.7669,-0.4406,-1.9663,0.009,3
1.6406,1.5698,0.6949,0.2867,2
1.5936,1.6876,-0.3982,-0.0298,2
-1.2714,-1.8436,-1.1502,-0.96,3
1.3808,1.3498,1.4259,1.8022,4
-1.575,-1.7105,-0.4516,-1.3917,3
1.5508,0.8638,0.6015,-2.2979,2
1.825,2.0442,-1.7717,-1.2561,2
1.5604,1.8665,-0.5281,-0.2753,2
-1.5438,-1.663,-1.4314,-1.2969,3
1.4999,1.1241,-1.5956,-0.6952,2
-0.469,-0.8888,0.0446,-1.0364,3
-0.8113,-1.0044,-0.7194,-0.1536,3
-1.3204,-1.3593,1.1569,-0.1138,1
0.9667,1.0905,-0.9207,-1.1781,2
1.8511,1.9476,-1.7581,-0.6752,2
-0.2937,-1.1231,0.3252,-0.4676,4
0.2569,0.3172,-0.7792,-1.7893,2
0.9159,0.0636,-0.6094,-0.6757,2
-1.2677,-1.5533,-0.6033,-1.6767,3
1.4042,1.6313,0.9131,-0.0599,2
1.0577,0.1368,0.6987,-0.4185,4
1.854,2.0789,-1.6476,-0.6187,2
0.4374,-1.0232,-0.658,-1.8583,3
-1.7566,-2.0008,0.3927,0.5351,3
-1.5438,-1.663,-1.4314,-1.2969,3
2.1775,0.3464,-0.5041,-1.3873,2
1.2047,-0.2721,-1.8095,-0.6431,2
0.8763,-0.1588,-0.1578,-1.2343,2
0.2267,-1.248,0.5722,-0.2714,4
0.5623,0.0902,-1.0821,-1.0067,2
0.8716,-0.3179,1.046,-0.6019,4
-0.0815,-0.1566,-0.0027,0.2526,4
-0.7775,-1.1645,-0.546,-1.6516,3
-1.5542,-1.6789,-1.1048,-1.3285,3
1.1676,1.2671,-0.4087,1.9992,0
1.1974,0.9611,0.8512,0.4489,4
0.7592,0.1807,1.6517,1.4598,4
-0.3858,-0.4263,0.2919,-0.8784,1
-1.5438,-1.663,-1.4314,-1.2969,3
1.8497,2.0422,-1.7558,-1.0437,2
-0.0991,-0.1453,-0.8014,-1.338,3
1.6297,1.554,0.4293,-1.0353,2
0.7894,1.2464,-1.1583,-0.9674,2
0.4947,-0.1601,-1.8605,-1.6255,2
1.7859,0.7899,-1.5872,-0.7026,2
0.7503,-2.1713,1.2956,-0.4886,4
1.0757,-0.3015,-1.8967,-1.5705,2
1.097,1.2089,-2.3721,-0.1112,2
1.5935,1.3485,-1.2371,-0.9697,2
1.9788,0.9244,-2.1884,-1.728,2
1.6976,1.7252,-0.8285,0.2881,2
-0.0815,-0.1566,-0.0027,0.2526,4
0.6494,0.0606,-0.0654,0.0363,4
-1.5438,-1.663,-1.4314,-1.2969,3
-0.578,0.0626,0.204,0.8823,4
1.2233,1.4463,-1.2072,-0.8789,2
-0.5222,-0.988,1.9444,0.2902,4
-0.8456,0.3996,0.0699,-0.5506,1
0.552,0.9509,-1.6108,-1.7285,2
-0.7567,-1.425,-1.261,-0.6955,3
-1.6502,-1.8319,-0.5194,-0.3809,3
-1.5438,-1.663,-1.4314,-1.2969,3
-0.7371,-1.1902,-0.6846,-0.5141,3
-1.5438,-1.663,-1.4314,-1.2969,3
1.9863,0.8475,-1.5207,-1.4631,2
-0.7062,-0.7409,-1.6292,-1.4381,3
-1.5438,-1.663,-1.4314,-1.2969,3
-1.7671,-1.7443,-0.9409,-0.5001,3
-0.6201,-0.8021,-0.7441,-1.1545,3
-1.5438,-1.663,-1.4314,-1.2969,3
1.1987,0.9841,-1.6392,-1.7541,2
1.8064,2.0254,-2.2223,-1.8618,2
-1.5438,-1.663,-1.4314,-1.2969,3
1.3808,1.3498,1.4259,1.8022,4
1.7557,1.8648,-0.5677,0.0654,2
0.2,-0.3882,0.0312,0.229,4
0.6016,0.0014,-1.2132,-1.1446,2
-1.1029,-1.9432,-0.2501,0.219,3
1.4807,1.0545,-2.0544,-1.7789,2
1.5508,0.7977,0.8984,0.8404,4
1.8602,0.0335,0.6386,-0.8484,2
0.9588,-0.229,0.7268,-1.7969,2
0.2936,-0.6416,-1.4413,-1.2885,3
0.4645,0.274,0.0857,0.6163,4
1.1206,-1.9542,0.0424,0.2344,4
-0.6721,-1.4802,-0.1486,-1.0162,3
0.4625,-0.8647,-0.0804,0.7956,4
0.3227,0.3022,0.1231,-0.4322,4
0.9226,-1.7054,0.8834,-0.2233,4
-0.0363,-1.1069,1.2887,-0.6734,4
0.8006,0.0359,0.7765,1.0434,4
-1.4928,1.786,-1.3583,1.9373,0
-0.764,0.2358,1.7104,-0.3756,1
0.2433,0.7917,0.4401,-0.0761,4
-1.1383,0.9663,-1.1441,2.2963,0
-1.8061,1.4352,-1.3368,-1.4256,1
-1.963,1.896,-0.8578,1.4032,0
0.4383,-0.0579,-0.4368,-1.0548,2
0.413,0.6685,0.8267,0.6599,4
-0.0424,-1.3864,1.0846,-0.2327,4
1.5389,1.3882,-0.2625,0.0892,2
-0.2294,-0.5626,-1.0568,-1.3874,3
0.8309,0.8166,0.4282,-1.1753,2
-0.8126,-0.9098,-0.7171,-0.5221,3
0.6497,0.5966,0.7116,1.0274,4
0.7389,0.8012,0.5722,-0.4424,4
0.2467,0.1373,0.7921,1.0433,4
-0.0815,-0.1566,-0.0027,0.2526,4
1.0451,0.6931,0.8621,1.3846,4
1.457,0.9551,-0.2867,-0.7033,2
0.6497,0.5966,0.7116,1.0274,4
1.6501,1.8209,-0.1776,-1.2716,2
1.6281,0.8773,-0.8962,-0.9978,2
-0.0239,0.2473,-0.6086,-0.7219,2
0.3389,0.9294,0.9279,0.5094,4
0.3881,-0.981,-0.1167,-0.1417,4
-0.061,-0.0286,1.7101,-1.6187,1
0.5614,0.4466,1.4821,1.2587,4
-1.6084,-1.6501,-1.2037,-0.9458,3
1.6391,1.0126,1.2099,-0.3363,4
-0.6337,-0.5378,1.0576,-0.9288,1
0.1008,-0.3474,-0.3318,-0.1643,4
1.3808,1.3498,1.4259,1.8022,4
0.5042,-0.1608,-1.6462,-1.1112,2
0.6651,-0.2491,0.8961,1.2268,4
0.627,-0.2597,-1.7826,-0.2194,2
1.8932,1.1629,-1.1965,-0.8163,2
-0.2666,-0.1441,-1.5663,0.1553,0
1.1646,0.3453,-1.912,-0.4353,2
0.714,-0.6129,-1.2528,-0.1022,2
1.1142,-0.3173,-1.0717,0.0971,2
0.7917,0.6849,0.7593,0.2063,4
-0.1504,0.3923,-0.8402,-1.0158,2
0.8736,-0.7026,-0.4996,1.3845,4
0.4579,0.6303,0.7002,-0.0256,4
0.7201,0.5408,1.2194,0.813,4
-0.189,-0.0462,-0.4492,0.3632,4
0.2605,-0.2061,-1.8373,0.2781,0
0.7105,0.1097,-0.4779,-0.61,2
0.7016,0.6439,-0.1354,-0.0999,2
0.6573,-0.0592,-0.954,-0.8511,2
0.7538,0.8055,-0.8293,0.9814,0
0.5851,0.6095,0.9394,1.3785,4
0.6497,0.5966,0.7116,1.0274,4
-0.1685,1.1776,0.7732,0.3241,1
0.2174,-0.1112,0.8433,1.1555,4
-0.0496,-0.1975,0.2535,-0.0213,4
0.025,0.2307,0.9429,0.6361,4
0.4788,-1.0666,0.7565,0.1484,4
0.7205,0.3407,0.756,1.0288,4
0.6459,0.4527,0.9273,0.0084,4
0.1682,0.6909,0.9602,0.2601,4
0.9659,0.078,0.5072,0.7241,4
0.6433,0.1674,0.8212,-0.7038,4
0.7065,0.0256,0.3438,0.7202,4
0.7098,0.3757,0.2085,1.5444,4
0.2317,0.1169,1.407,0.0466,4
0.95,0.425,0.918,-0.1009,4
0.7145,-0.4288,-0.1833,0.7706,4
1.2821,0.5255,0.3761,0.4024,4
0.9219,-0.4905,-0.7042,0.1551,4
0.1712,0.4193,0.3907,-0.4685,4
0.5404,-0.1123,0.3743,0.9732,4
0.7137,0.3292,0.3851,0.5946,4
0.449,-0.3155,-0.136,0.8889,4
-1.7351,1.1266,-0.8577,2.1875,0
-1.7256,-0.7495,-0.5691,-0.5925,3
-1.6896,1.4105,-0.3018,1.507,0
-1.7465,1.1752,-1.943,1.5037,0
-0.2876,-1.3243,1.3307,-0.8702,1
0.0307,-0.3144,0.8959,1.1171,4
-0.1879,-0.3255,0.9093,1.1686,4
-1.5528,1.8043,1.4198,-2.0624,1
0.9077,-0.3069,-0.1228,0.2521,4
0.0701,-0.0141,-1.0089,1.4537,0
-0.8874,1.4256,-0.0347,0.0024,1
-1.3934,1.9792,1.2834,-1.6422,1
0.848,-0.0609,1.5923,-0.9536,4
0.4898,0.1386,0.9926,0.346,4
-1.2845,1.039,0.8962,-0.4065,1
0.6016,0.1948,0.5712,0.2775,4
0.9689,-0.7524,0.3542,0.4929,4
-0.9194,0.179,1.8558,1.9779,4
0.9311,-2.7655,1.8621,2.4221,4
0.1605,0.6878,0.7752,0.9764,4
-1.5438,-1.663,-1.4314,-1.2969,3
0.2163,0.1593,0.4815,0.876,4
1.3808,1.3498,1.4259,1.8022,4
0.2836,-1.5077,-2.0403,2.4336,0
0.1262,0.0371,-0.8335,-1.0933,2
-1.6808,0.9879,-0.8493,1.504,0
-1.3906,0.5117,0.2004,1.0462,0
0.2159,0.143,0.1478,1.0102,4
-1.9872,1.7796,1.9593,-1.3907,1
-1.5438,-1.663,-1.4314,-1.2969,3
0.509,-0.1382,0.5722,0.8091,4
0.2772,-0.1182,1.0024,0.4499,4
-1.77,1.128,2.1858,-0.4829,1
0.332,-0.5637,1.1371,-0.3832,4
-1.9236,1.1863,1.8301,-1.2403,1
0.7692,-1.2071,-0.8794,2.1401,4
-0.4284,0.1886,0.8211,-0.0829,1
1.5494,0.737,1.3773,-1.8309,2
0.4058,0.0314,0.066,0.8134,4
-0.6814,0.1844,-0.6098,1.4817,0
0.4444,0.2372,0.1048,0.9302,4
-1.1163,0.7889,-0.4403,2.1551,0
0.7998,0.1635,0.0594,0.882,4
-0.7947,-0.6201,0.0481,0.6056,4
-1.8356,1.5072,-0.5902,1.7362,0
0.712,-1.7717,-0.1122,0.2907,4
-0.8194,-0.5842,-1.1277,1.4686,0
0.2907,-0.7706,0.0609,0.3357,4
-0.1536,-0.3098,0.1781,0.6781,4
-1.5408,0.6903,0.2413,-0.2307,1
-1.3335,-0.2823,1.4489,-0.2851,1
0.2664,-0.0464,0.4623,0.5971,4
-0.6133,0.3634,-0.4298,0.2187,0
-1.029,1.2896,-1.3978,1.3555,0
0.7659,-0.1975,0.9659,0.4184,4
0.963,-1.2526,-0.5024,0.9183,4
-1.7268,1.4106,-0.8146,1.3985,0
0.932,-1.3075,-0.14,0.2419,4
-1.2232,1.1295,1.2993,-1.2803,1
0.2428,-1.3733,0.504,0.3522,4
-1.3387,0.7471,-1.013,0.7885,0
0.729,-0.0681,0.2507,0.2943,4
0.9483,-1.4874,0.1645,0.2607,4
0.3322,0.0806,0.9832,0.3388,4
0.358,0.0862,-0.0559,0.1534,4
-0.2197,0.0004,1.8379,-1.7413,1
0.2726,0.012,0.0692,1.003,4
-0.2139,-0.5014,0.278,0.6234,4
-1.276,0.3172,1.1104,-0.1471,1
0.8062,-1.5384,0.2753,1.1505,4
0.0228,0.2846,0.5129,0.4993,4
-1.5779,1.2418,1.0899,-0.7668,1
0.702,-1.1917,0.1613,1.1558,4
-1.368,0.8467,1.1542,0.3595,1
-0.9773,0.3546,0.2603,0.1889,1
-1.4288,0.6145,1.5046,-0.3984,1
0.2617,-1.3952,0.3402,0.7945,4
-0.5905,0.4999,-0.2388,1.3382,0
0.4601,-1.0224,0.9084,-0.0495,4
-0.995,-0.5212,-0.6012,0.5369,0
0.8535,-1.4463,-0.4288,1.1408,4
-0.2954,-0.8852,0.7407,0.0542,4
-1.1415,0.5239,-0.5618,0.2741,0
-0.4606,0.1213,0.9495,-0.8651,1
-0.1063,-0.5898,-0.3445,0.1629,4
-0.3157,-0.1209,0.0664,0.8925,4
-1.654,0.5658,1.9074,1.9591,1
-0.109,-0.896,0.5972,-0.6019,4
1.0465,-1.357,-0.8406,-1.1637,3
0.0013,0.4927,1.1428,-0.9153,1
0.5666,-1.4801,0.3922,0.4991,4
-1.0359,0.7601,-1.1279,1.0103,0
0.2299,-0.6413,-0.4669,1.0227,4
-1.0173,0.6977,-1.1898,0.6639,0
-0.4463,-0.2116,0.4455,0.2568,4
-1.0445,-0.1617,-0.9799,0.2908,0
-0.5723,-0.0672,-0.1276,0.1611,4
0.6811,-1.1463,-0.6265,0.0055,4
-1.2958,-1.1243,-0.5439,-0.5283,3
-0.7568,0.4986,0.2276,-0.2329,1
0.5046,-1.2102,-0.1672,0.4886,4
-0.0806,-0.2254,1.562,-0.2592,1
-1.274,0.6745,0.7641,0.3831,1
0.8185,-0.9704,-0.169,1.066,4
-0.4314,0.1679,1.4054,-0.9882,1
-1.3261,1.9712,-0.5129,-0.1832,0
0.5843,-1.1208,0.6121,-0.4838,4
-0.2066,-0.1791,1.3297,-0.4942,1
-0.0336,-0.18,0.6147,0.6447,4
-1.7779,-1.957,0.7102,1.4259,4
-0.5144,-0.2521,0.149,0.219,4
-0.7515,0.1945,0.2068,1.1645,0
-1.5416,0.9736,-0.2967,1.1541,0
-0.3823,0.2769,-0.7008,0.5181,0
-1.2232,0.9668,-0.2445,-0.5187,1
-0.8099,0.8531,1.3186,-1.3133,1
0.3846,-1.221,0.3145,0.7719,4
0.5222,-0.9388,0.5344,-0.5864,4
-1.0649,0.7701,-0.1708,0.7568,0
-0.02,0.2649,-0.6563,1.4208,0
-0.4652,-0.0211,-0.7895,0.7692,0
-0.0431,0.3475,-0.3382,0.098,4
0.1415,-0.013,-0.4469,1.0039,0
-0.048,-1.1191,0.9478,-1.674,1
0.2508,-0.1519,-0.3194,-0.1249,4
0.4328,0.5544,0.685,0.6338,4
-0.2999,-0.7536,1.1877,0.0976,4
-0.9295,-0.9296,1.4893,-2.1991,1
0.9426,-1.993,2.0848,-0.9157,4
-1.5024,1.1107,-2.1181,2.236,0
-1.9287,1.6673,0.0979,-0.0552,1
-1.8526,1.1692,1.8295,-1.5724,1
0.8776,-0.1251,0.7325,-0.3401,4
-1.5356,1.4955,1.173,-1.0247,1
-1.963,1.946,0.5806,-1.1315,1
-1.3585,1.7411,-1.7768,-1.7539,2
-0.1965,-0.0208,1.2447,-0.2455,1
0.2198,-0.7795,0.2607,0.703,4
-0.2347,-0.4214,-0.0461,0.9256,4
0.1696,-0.1346,-0.0059,-0.3571,4
0.5856,-0.0483,-0.0992,-0.4223,4
-1.0931,0.862,0.2379,0.0203,1
0.7707,-1.4239,0.2849,-0.4635,4
0.8817,-2.1645,-2.0326,2.0192,0
1.0054,-1.5378,0.4307,-0.2076,4
0.5238,-0.045,0.8183,0.7272,4
1.6617,-1.9021,-0.4407,0.5988,4
0.0676,0.1059,0.1983,0.4978,4
-1.6396,1.2582,0.693,-1.4756,1
-1.7577,0.9003,1.3659,0.1639,1
-1.2922,1.0087,-1.4186,0.3192,0
-1.7323,1.1574,1.4557,-1.5366,1
-0.0487,0.3831,-0.3184,-0.3416,4
-1.5956,0.6988,0.5588,-1.463,1
-1.2275,0.524,1.6701,-1.0981,1
0.3568,-0.7347,-1.0122,-1.7388,3
0.1847,-1.0892,-0.3827,1.5076,4
0.6069,-0.5712,1.3526,-1.5168,1
-1.7246,0.8195,-0.405,1.0209,0
-0.6353,0.4698,-0.4129,-0.2188,0
-1.0434,0.5411,-0.1071,0.673,0
0.0094,0.5226,0.6947,0.2705,4
0.6317,-0.8805,1.2902,-0.8547,4
-1.9166,1.7289,-1.9851,1.5342,0
-0.6944,0.4469,1.6716,-0.9213,1
-0.6206,0.5043,-2.0371,0.0767,0
-1.6157,1.1977,1.3327,-0.4166,1
0.7529,-0.4196,-0.6935,0.8319,4
-0.2078,-0.184,1.3121,-1.1543,1
0.1563,-0.6333,0.9216,-0.4306,4
-0.819,-0.5968,-0.4165,-0.6345,3
0.3278,0.1167,0.5824,-0.2548,4
-1.4852,1.6096,-1.2652,1.0374,0
-0.0625,0.7363,0.1485,0.1499,4
-0.4163,0.3265,-1.4278,1.8498,0
0.5177,-0.2986,-0.9992,1.3666,0
0.5248,-0.5075,1.2981,-0.6265,4
-1.4097,0.902,1.3669,-1.1109,1
-0.0543,0.1736,1.2798,-0.5535,1
-0.4585,-0.8293,0.1193,1.3246,4
-1.2886,1.1208,1.4101,-1.5229,1
-0.1613,-0.049,0.1009,-0.1921,4
0.0228,0.2846,0.5129,0.4993,4
-1.0267,-0.2507,0.8536,0.6929,4
-0.0815,-0.1566,-0.0027,0.2526,4
0.3339,-1.2834,1.1777,0.2433,4
0.362,0.4467,-0.07,-0.2875,4
0.0794,-0.5718,-1.1866,1.3031,0
0.8076,-0.3781,0.9766,0.0833,4
-0.8359,0.7373,-0.0893,0.3681,0
0.2112,-1.001,1.0163,-0.7617,4
0.4149,-0.283,-0.1786,0.6917,4
0.4011,-0.1891,-0.0475,0.1868,4
-1.6682,1.1427,-0.5436,0.9687,0
-0.0227,0.3392,0.5309,0.4621,4
-0.2791,0.238,1.0051,-0.5707,1
-0.9457,-0.4642,0.3455,-0.7901,1
-1.0396,0.8193,0.1702,0.3378,1
0.0477,-0.1514,-0.8888,0.929,0
-0.9287,0.625,-0.1982,1.0183,0
0.3137,-0.0652,-2.1721,1.019,0
-0.4275,0.3254,0.4325,-0.5438,1
0.6969,-0.4942,0.3901,-0.1586,4
-0.6332,0.6065,-1.7524,2.0182,0
-0.9337,0.1929,-0.0181,-0.0049,1
-0.1657,-0.4038,-0.7329,0.9062,0
0.7111,-0.7139,0.9294,-1.1105,4
-1.4418,-0.4129,-0.0498,0.5482,0
0.92,-1.8385,1.1727,0.4196,4
0.4648,-0.6043,-1.6599,1.621,0
1.7501,-0.6597,1.0557,-0.8827,4
-0.7074,-1.2755,-0.0573,-0.2946,3
0.5187,0.0878,0.898,0.6625,4
0.375,-0.1498,-1.8775,-1.4816,2
0.0221,0.0302,0.2003,-1.0365,1
0.2231,-0.4338,0.3975,-0.0927,4
-0.0863,-0.1794,-1.7963,-1.0529,3
0.1825,-0.2002,-0.0341,0.2383,4
0.1825,-0.2002,-0.0341,0.2383,4
-0.1935,-0.0033,0.5289,0.9137,4
0.3064,-0.2173,0.6082,0.1718,4
-0.008,0.3979,0.4894,0.4402,4
0.292,-0.0517,0.5572,0.276,4
-0.2245,-0.448,0.0431,0.3121,4
-0.0919,-0.1724,0.3239,0.221,4
0.4922,-0.4497,1.4464,-0.6297,4
-1.5184,0.794,-0.8654,1.6028,0
-0.112,-0.3833,0.2679,1.258,4
1.5646,-2.4592,-2.2061,1.786,4
-1.0508,2.6232,-1.828,-2.0004,2
-2.0476,2.475,-1.095,-0.2664,0
0.8251,-1.8335,1.2829,-0.0643,4
-0.9195,-0.5838,-0.2939,0.7097,0
-0.4724,-0.3791,1.723,-1.2877,1
-0.3105,0.0003,-0.17,0.0914,4
-0.8987,1.0059,-1.4054,1.5941,0
-1.1998,0.1707,-0.3391,0.8851,0
-0.6281,0.1271,1.1045,-1.1382,1
-0.2614,0.2259,-1.5054,1.281,0
-0.3538,-0.2303,-1.4184,0.6687,0
-1.4352,1.7013,-0.5685,-0.196,0
0.657,-1.1033,-1.52,1.2963,0
0.3413,-0.5612,0.4837,-0.4813,4
-0.194,-0.2877,1.1444,-1.3681,1
0.765,-1.1747,-0.243,0.4041,4
2.2555,-2.5024,0.4366,0.2927,4
-0.9352,0.8138,0.2745,-0.187,1
0.5221,-0.3276,0.9348,-0.4891,4
2.0811,-2.692,-0.6045,0.2412,4
0.8248,-1.1499,0.1774,0.1586,4
-0.7132,-0.8171,1.0396,0.3448,4
-1.7079,1.05,0.9783,-1.1703,1
0.4933,-0.8664,-0.5802,0.9803,4
0.8814,-2.2181,-0.5882,1.8467,4
0.2898,-1.0938,-0.3781,-0.1569,4
-0.5591,-0.3681,0.179,-0.5181,1
0.6849,-0.9638,0.7579,0.0011,4
-0.4759,0.2339,0.8392,-0.0945,1
-0.3575,1.6922,1.6652,1.6579,4
0.2101,-0.5995,0.4699,-0.3157,4
-0.3925,0.3725,-0.7639,1.5337,0
1.0685,-0.7361,0.1082,0.222,4
-0.0398,0.2272,-1.3567,1.6696,0
-0.1698,0.1238,0.6358,-0.6624,1
0.5807,-0.6183,-0.1143,0.8316,4
-0.464,-0.0198,-0.8754,1.6493,0
0.8239,-0.4242,0.1393,-0.0138,4
-0.5129,-0.0689,0.6309,-0.4088,1
0.9488,-0.881,1.1133,-0.2636,4
-0.4631,-0.367,-0.4755,0.7026,0
